[{"@type":"mappingTemplate","id":"@1","name":"M_04510455","description":"","autoExpireObject":false,"bundleVersion":"0","assetFrsGuid":"6bzQ6yyhqSFd5wqpZr3qye","templateId":"@3","deployTime":1687947821000,"hasParameters":false,"valid":true,"fixedConnection":true,"hasParametersDeployed":false,"fixedConnectionDeployed":true,"isSchemaValidationEnabled":false,"tasks":0,"mappingPreviewFileRecordId":"@2","documentType":"MAPPING","references":[{"@type":"reference","refObjectId":"@jyr4MrLqV8CkHzV0esoG2A","refType":"connection"}]}]