[{"@type":"mappingTemplate","id":"@1","name":"M_SESSION_ID_AMIT","description":"","autoExpireObject":false,"bundleVersion":"0","assetFrsGuid":"aJn0qAaXyOlhcGGQbTzC4t","templateId":"@3","deployTime":1721733567000,"hasParameters":false,"valid":true,"fixedConnection":true,"hasParametersDeployed":false,"fixedConnectionDeployed":true,"isSchemaValidationEnabled":false,"tasks":1,"mappingPreviewFileRecordId":"@2","documentType":"MAPPING","references":[{"@type":"reference","refObjectId":"@1Aac7GybYGTd2MJM88T8Yn","refType":"connection"},{"@type":"reference","refObjectId":"@8TvTmEqpKW2guvoupzLB8S","refType":"connection"}]}]