[{"@type":"mappingTemplate","id":"@1","name":"Mapping97","description":"","autoExpireObject":false,"bundleVersion":"0","assetFrsGuid":"35QupilV1igiAF0fBcYE2Y","templateId":"@3","hasParameters":false,"valid":false,"fixedConnection":true,"hasParametersDeployed":false,"fixedConnectionDeployed":false,"isSchemaValidationEnabled":false,"tasks":0,"mappingPreviewFileRecordId":"@2","documentType":"MAPPING","references":[{"@type":"reference","refObjectId":"@82BamydprL2eWvthEKx8y7","refType":"connection"}]}]