[{"@type":"mappingTemplate","id":"@1","name":"Mapping96","description":"","autoExpireObject":false,"bundleVersion":"0","assetFrsGuid":"6XBLGuRj06Xi3FCFME0NYF","templateId":"@3","deployTime":1686840471000,"hasParameters":false,"valid":true,"fixedConnection":true,"hasParametersDeployed":false,"fixedConnectionDeployed":true,"isSchemaValidationEnabled":false,"tasks":0,"mappingPreviewFileRecordId":"@2","documentType":"MAPPING","references":[{"@type":"reference","refObjectId":"@jyr4MrLqV8CkHzV0esoG2A","refType":"connection"}]}]