[{"@type":"mappingTemplate","id":"@1","name":"Mapping131","description":"","autoExpireObject":false,"bundleVersion":"0","assetFrsGuid":"9EhYhSOUC0cbr753XLT4oH","templateId":"@3","deployTime":1721132108000,"hasParameters":false,"valid":true,"fixedConnection":true,"hasParametersDeployed":false,"fixedConnectionDeployed":true,"isSchemaValidationEnabled":false,"tasks":1,"mappingPreviewFileRecordId":"@2","documentType":"MAPPING","references":[{"@type":"reference","refObjectId":"@8TvTmEqpKW2guvoupzLB8S","refType":"connection"},{"@type":"reference","refObjectId":"@jyr4MrLqV8CkHzV0esoG2A","refType":"connection"}]}]