[{"@type":"mappingTemplate","id":"@1","name":"Mapping69","description":"","autoExpireObject":false,"bundleVersion":"0","assetFrsGuid":"foi1TD250gAct9MH13TKYA","templateId":"@3","deployTime":1674309178000,"hasParameters":false,"valid":true,"fixedConnection":true,"hasParametersDeployed":false,"fixedConnectionDeployed":true,"isSchemaValidationEnabled":false,"tasks":1,"mappingPreviewFileRecordId":"@2","documentType":"MAPPING","references":[{"@type":"reference","refObjectId":"@jyr4MrLqV8CkHzV0esoG2A","refType":"connection"},{"@type":"reference","refObjectId":"@c6FNaT44oY3jz5oaXGxryv","refType":"connection"}]}]