[{"@type":"mappingTemplate","id":"@1","name":"Mapping82","description":"","autoExpireObject":false,"bundleVersion":"0","assetFrsGuid":"dLSUoQFWpWhk1NGRKQWoSl","templateId":"@3","deployTime":1688396765000,"hasParameters":false,"valid":true,"fixedConnection":true,"hasParametersDeployed":false,"fixedConnectionDeployed":true,"isSchemaValidationEnabled":false,"tasks":0,"mappingPreviewFileRecordId":"@2","documentType":"MAPPING","references":[{"@type":"reference","refObjectId":"@9hR52xvjM1UfK3dn2owi47","refType":"connection"},{"@type":"reference","refObjectId":"@ja4eKqn3pszdf8TyvxgiGK","refType":"connection"}]}]