[{"@type":"mappingTemplate","id":"@1","name":"mm_FF_SFDC_Parameterized","description":"","autoExpireObject":false,"bundleVersion":"0","assetFrsGuid":"30H0Naqh7zzdJCvgXyjmEa","templateId":"@3","deployTime":1677857911000,"hasParameters":true,"valid":true,"fixedConnection":true,"hasParametersDeployed":true,"fixedConnectionDeployed":true,"isSchemaValidationEnabled":false,"tasks":1,"mappingPreviewFileRecordId":"@2","documentType":"MAPPING","references":[{"@type":"reference","refObjectId":"@7zHbIebIbtCdLYE1iGxPSr","refType":"connection"}]}]