[{"@type":"mappingTemplate","id":"@1","name":"Mapping543","description":"","autoExpireObject":false,"bundleVersion":"0","assetFrsGuid":"96tIjoLThlVcn07cKE5EqK","templateId":"@3","deployTime":1740620405000,"hasParameters":false,"valid":true,"fixedConnection":true,"hasParametersDeployed":false,"fixedConnectionDeployed":true,"isSchemaValidationEnabled":false,"tasks":2,"mappingPreviewFileRecordId":"@2","documentType":"MAPPING","references":[{"@type":"reference","refObjectId":"@6ZPl5gdpew9jATcCSqvUyu","refType":"connection"},{"@type":"reference","refObjectId":"@8TvTmEqpKW2guvoupzLB8S","refType":"connection"},{"@type":"reference","refObjectId":"@jyr4MrLqV8CkHzV0esoG2A","refType":"connection"}]}]