[{"@type":"mappingTemplate","id":"@1","name":"M_SS_TO_SS_04433172","description":"","autoExpireObject":false,"bundleVersion":"0","assetFrsGuid":"k490z3xIfiCd1qh4EnJpKe","templateId":"@3","deployTime":1676357026000,"hasParameters":false,"valid":true,"fixedConnection":true,"hasParametersDeployed":false,"fixedConnectionDeployed":true,"isSchemaValidationEnabled":false,"tasks":1,"mappingPreviewFileRecordId":"@2","documentType":"MAPPING","references":[{"@type":"reference","refObjectId":"@c6FNaT44oY3jz5oaXGxryv","refType":"connection"},{"@type":"reference","refObjectId":"@5PxEAmvDxvQlmSemm0KKoQ","refType":"connection"}]}]