[{"@type":"mappingTemplate","id":"@1","name":"Mapping107","description":"","autoExpireObject":false,"bundleVersion":"0","assetFrsGuid":"atZZHZRHmCadhPM2Tq4nmX","templateId":"@3","deployTime":1690196047000,"hasParameters":false,"valid":true,"fixedConnection":true,"hasParametersDeployed":false,"fixedConnectionDeployed":true,"isSchemaValidationEnabled":false,"tasks":0,"mappingPreviewFileRecordId":"@2","documentType":"MAPPING","references":[{"@type":"reference","refObjectId":"@jyr4MrLqV8CkHzV0esoG2A","refType":"connection"},{"@type":"reference","refObjectId":"@bwWaPIj2vCrcciKmyEgmq0","refType":"connection"}]}]