[{"@type":"mappingTemplate","id":"@1","name":"MCT_SALESFORCE_ISSUE","description":"","autoExpireObject":false,"bundleVersion":"0","assetFrsGuid":"aAE4yCXNyo9kncvI9xnamW","templateId":"@3","deployTime":1674297424000,"hasParameters":false,"valid":true,"fixedConnection":true,"hasParametersDeployed":false,"fixedConnectionDeployed":true,"isSchemaValidationEnabled":false,"tasks":1,"mappingPreviewFileRecordId":"@2","documentType":"MAPPING","references":[{"@type":"reference","refObjectId":"@1gMPGUJfdSlgQtQzDPCy0K","refType":"connection"},{"@type":"reference","refObjectId":"@c6FNaT44oY3jz5oaXGxryv","refType":"connection"},{"@type":"reference","refObjectId":"@4YSJLqRa7dklJR8pai1UoC","refType":"connection"},{"@type":"reference","refObjectId":"@jyr4MrLqV8CkHzV0esoG2A","refType":"connection"}]}]