[{"@type":"mappingTemplate","id":"@1","name":"Mapping115","description":"","autoExpireObject":false,"bundleVersion":"0","assetFrsGuid":"azRQBiEwkcsfQiWQKLHa0u","templateId":"@3","hasParameters":false,"valid":false,"fixedConnection":true,"hasParametersDeployed":false,"fixedConnectionDeployed":false,"isSchemaValidationEnabled":false,"tasks":0,"mappingPreviewFileRecordId":"@2","documentType":"MAPPING","references":[{"@type":"reference","refObjectId":"@ja4eKqn3pszdf8TyvxgiGK","refType":"connection"}]}]