[{"@type":"mappingTemplate","id":"@1","name":"Mapping92","description":"","autoExpireObject":false,"bundleVersion":"0","assetFrsGuid":"5ICFkDrVTPKkX6Unir5oml","templateId":"@3","deployTime":1685623996000,"hasParameters":false,"valid":true,"fixedConnection":true,"hasParametersDeployed":false,"fixedConnectionDeployed":true,"isSchemaValidationEnabled":false,"tasks":0,"mappingPreviewFileRecordId":"@2","documentType":"MAPPING","references":[{"@type":"reference","refObjectId":"@4YSJLqRa7dklJR8pai1UoC","refType":"connection"}]}]