[{"@type":"mappingTemplate","id":"@1","name":"Mapping88","description":"","autoExpireObject":false,"bundleVersion":"0","assetFrsGuid":"4OrJIMNVajBi8682rPGheQ","templateId":"@3","deployTime":1685710632000,"hasParameters":true,"valid":true,"fixedConnection":true,"hasParametersDeployed":true,"fixedConnectionDeployed":true,"isSchemaValidationEnabled":false,"tasks":2,"mappingPreviewFileRecordId":"@2","documentType":"MAPPING","references":[{"@type":"reference","refObjectId":"@jyr4MrLqV8CkHzV0esoG2A","refType":"connection"},{"@type":"reference","refObjectId":"@4YSJLqRa7dklJR8pai1UoC","refType":"connection"}]}]