[{"@type":"mappingTemplate","id":"@1","name":"Mapping85","description":"","autoExpireObject":false,"bundleVersion":"0","assetFrsGuid":"4uQujnv9RArltNfN3dlUUp","templateId":"@3","deployTime":1684847157000,"hasParameters":false,"valid":true,"fixedConnection":true,"hasParametersDeployed":false,"fixedConnectionDeployed":true,"isSchemaValidationEnabled":false,"tasks":1,"mappingPreviewFileRecordId":"@2","documentType":"MAPPING","references":[{"@type":"reference","refObjectId":"@61qTMuc1T4gi2DPGFpEagS","refType":"connection"},{"@type":"reference","refObjectId":"@jyr4MrLqV8CkHzV0esoG2A","refType":"connection"}]}]