[{"@type":"mappingTemplate","id":"@1","name":"M_UNION_ISSUE","description":"","autoExpireObject":false,"bundleVersion":"0","assetFrsGuid":"fcMO1uw1pYRbL4G3Mqg6c5","templateId":"@3","deployTime":1713532357000,"hasParameters":false,"valid":true,"fixedConnection":true,"hasParametersDeployed":false,"fixedConnectionDeployed":true,"isSchemaValidationEnabled":false,"tasks":1,"mappingPreviewFileRecordId":"@2","documentType":"MAPPING","references":[{"@type":"reference","refObjectId":"@jyr4MrLqV8CkHzV0esoG2A","refType":"connection"}]}]