[{"@type":"mappingTemplate","id":"@1","name":"Mapping102","description":"","autoExpireObject":false,"bundleVersion":"0","assetFrsGuid":"cFUpSfX3921hpR0mPVjrGa","templateId":"@3","deployTime":1689681294000,"hasParameters":false,"valid":true,"fixedConnection":true,"hasParametersDeployed":false,"fixedConnectionDeployed":true,"isSchemaValidationEnabled":false,"tasks":0,"mappingPreviewFileRecordId":"@2","documentType":"MAPPING","references":[{"@type":"reference","refObjectId":"@7dkmDv9mxMKgvMHxeH3kY1","refType":"connection"},{"@type":"reference","refObjectId":"@4UeHojjHYKub3JZaYjCjms","refType":"connection"}]}]