[{"@type":"mappingTemplate","id":"@1","name":"Mapping84","description":"","autoExpireObject":false,"bundleVersion":"0","assetFrsGuid":"kVqlLDD7Pm4cxCgSn9d7GS","templateId":"@3","deployTime":1684491577000,"hasParameters":false,"valid":true,"fixedConnection":true,"hasParametersDeployed":false,"fixedConnectionDeployed":true,"isSchemaValidationEnabled":false,"tasks":0,"mappingPreviewFileRecordId":"@2","documentType":"MAPPING","references":[{"@type":"reference","refObjectId":"@4YSJLqRa7dklJR8pai1UoC","refType":"connection"},{"@type":"reference","refObjectId":"@c6FNaT44oY3jz5oaXGxryv","refType":"connection"}]}]