[{"@type":"dssTask","id":"@1","name":"St_04509799","description":"","autoExpireObject":false,"maxLogs":10,"sourceConnectionId":"@jyr4MrLqV8CkHzV0esoG2A","targetConnectionId":"@jyr4MrLqV8CkHzV0esoG2A","targetObject":"ABCD","targetObjectLabel":"ABCD","operation":"Insert","maxRows":0,"truncateTarget":false,"bulkApiDBTarget":false,"verbose":false,"targetMetadataUpdated":false,"modelVersion":"V3-R600","queryAll":false,"srcSettings":{"@type":"taskDataSourceSetting","isShowLabels":false,"isNaturalOrder":true},"tgtSettings":{"@type":"taskDataSourceSetting","isShowLabels":false,"isNaturalOrder":true},"cfSettings":{"@type":"taskDataSourceSetting","isShowLabels":false,"isNaturalOrder":false},"bulkApi":false,"bulkApiSerialMode":false,"bulkApiMonitor":false,"isTargetObjectSfCustom":false,"allowNullUpdates":false,"targetBatchSize":200,"assignmentRuleId":"-1","assignmentRuleType":"None","createSuccessFile":false,"bulkApiHardDelete":false,"srcRuntimeAttrs":{"@type":"taskRuntimeAttrs","attrs":{}},"tgtRuntimeAttrs":{"@type":"taskRuntimeAttrs","attrs":{}},"parameterFileEncoding":"UTF-8","serverlessProperties":{},"sourceObjects":[{"@type":"mObject","name":"FARAZ_DB","label":"FARAZ_DB","metadataUpdated":false,"relations":[],"children":[]},{"@type":"mObject","name":"FARAZ01","label":"FARAZ01","metadataUpdated":false,"relations":[],"children":[]},{"@type":"mObject","name":"EMPLOYEES","label":"EMPLOYEES","metadataUpdated":false,"relations":[],"children":[]}],"advancedFilters":[],"filters":[],"fieldMaps":[{"@type":"fieldMap","id":"69807904","targetField":{"@type":"field","id":235357891,"name":"THISISACHARACTERTESTTOSEEHOWMANYCHARACTER","type":"varchar","uniqueName":"THISISACHARACTERTESTTOSEEHOWMANYCHARACTER","label":"THISISACHARACTERTESTTOSEEHOWMANYCHARACTER","parentObject":"ABCD","pcType":"STRING","precision":10,"scale":0,"columnIndex":0,"isKey":false,"isWaterMarkKey":false,"isExternalId":false,"isSfIdLookup":false,"isNullable":true,"isUnique":false,"isCreateable":false,"isUpdateable":true,"isFilterable":true,"isCalculated":false,"filterType":"STRING","showLabel":false,"naturalOrder":0,"typeConfigFields":[],"typeConfigProperties":{},"linkedFields":[],"relatedInfos":[],"references":[]}},{"@type":"fieldMap","id":"69807907","targetField":{"@type":"field","id":235357894,"name":"TEST1","type":"varchar","uniqueName":"TEST1","label":"TEST1","parentObject":"ABCD","pcType":"STRING","precision":10,"scale":0,"columnIndex":1,"isKey":false,"isWaterMarkKey":false,"isExternalId":false,"isSfIdLookup":false,"isNullable":true,"isUnique":false,"isCreateable":false,"isUpdateable":true,"isFilterable":true,"isCalculated":false,"filterType":"STRING","showLabel":false,"naturalOrder":1,"typeConfigFields":[],"typeConfigProperties":{},"linkedFields":["TEST1"],"relatedInfos":[],"references":[]},"expression":"TEST1"}],"sourceFields":[{"@type":"field","id":235357897,"name":"TEST1","type":"decimal","uniqueName":"TEST1","label":"TEST1","parentObject":"FARAZ_DB","pcType":"HIPRECDECIMAL","precision":38,"scale":0,"columnIndex":0,"isKey":false,"isWaterMarkKey":false,"isExternalId":false,"isSfIdLookup":false,"isNullable":true,"isUnique":false,"isCreateable":false,"isUpdateable":true,"isFilterable":true,"isCalculated":false,"filterType":"DOUBLE","showLabel":false,"naturalOrder":0,"typeConfigFields":[],"typeConfigProperties":{},"linkedFields":["TEST1"],"relatedInfos":[],"references":[]},{"@type":"field","id":235357900,"name":"TXN_ID","type":"nvarchar","uniqueName":"TXN_ID","label":"TXN_ID","parentObject":"FARAZ_DB","pcType":"UNISTRING","precision":510,"scale":0,"columnIndex":1,"isKey":false,"isWaterMarkKey":false,"isExternalId":false,"isSfIdLookup":false,"isNullable":true,"isUnique":false,"isCreateable":false,"isUpdateable":true,"isFilterable":true,"isCalculated":false,"filterType":"STRING","showLabel":false,"naturalOrder":1,"typeConfigFields":[],"typeConfigProperties":{},"linkedFields":[],"relatedInfos":[],"references":[]},{"@type":"field","id":235357903,"name":"PRM_AR_ID","type":"nvarchar","uniqueName":"PRM_AR_ID","label":"PRM_AR_ID","parentObject":"FARAZ_DB","pcType":"UNISTRING","precision":510,"scale":0,"columnIndex":2,"isKey":false,"isWaterMarkKey":false,"isExternalId":false,"isSfIdLookup":false,"isNullable":true,"isUnique":false,"isCreateable":false,"isUpdateable":true,"isFilterable":true,"isCalculated":false,"filterType":"STRING","showLabel":false,"naturalOrder":2,"typeConfigFields":[],"typeConfigProperties":{},"linkedFields":[],"relatedInfos":[],"references":[]},{"@type":"field","id":235357906,"name":"PRM_AR_UNQ_ID","type":"nvarchar","uniqueName":"PRM_AR_UNQ_ID","label":"PRM_AR_UNQ_ID","parentObject":"FARAZ_DB","pcType":"UNISTRING","precision":510,"scale":0,"columnIndex":3,"isKey":false,"isWaterMarkKey":false,"isExternalId":false,"isSfIdLookup":false,"isNullable":true,"isUnique":false,"isCreateable":false,"isUpdateable":true,"isFilterable":true,"isCalculated":false,"filterType":"STRING","showLabel":false,"naturalOrder":3,"typeConfigFields":[],"typeConfigProperties":{},"linkedFields":[],"relatedInfos":[],"references":[]},{"@type":"field","id":235357909,"name":"PPN_DT","type":"nvarchar","uniqueName":"PPN_DT","label":"PPN_DT","parentObject":"FARAZ_DB","pcType":"UNISTRING","precision":58,"scale":0,"columnIndex":4,"isKey":false,"isWaterMarkKey":false,"isExternalId":false,"isSfIdLookup":false,"isNullable":true,"isUnique":false,"isCreateable":false,"isUpdateable":true,"isFilterable":true,"isCalculated":false,"filterType":"STRING","showLabel":false,"naturalOrder":4,"typeConfigFields":[],"typeConfigProperties":{},"linkedFields":[],"relatedInfos":[],"references":[]},{"@type":"field","id":235357912,"name":"TXN_DT","type":"nvarchar","uniqueName":"TXN_DT","label":"TXN_DT","parentObject":"FARAZ_DB","pcType":"UNISTRING","precision":510,"scale":0,"columnIndex":5,"isKey":false,"isWaterMarkKey":false,"isExternalId":false,"isSfIdLookup":false,"isNullable":true,"isUnique":false,"isCreateable":false,"isUpdateable":true,"isFilterable":true,"isCalculated":false,"filterType":"STRING","showLabel":false,"naturalOrder":5,"typeConfigFields":[],"typeConfigProperties":{},"linkedFields":[],"relatedInfos":[],"references":[]},{"@type":"field","id":235357915,"name":"TXN_STS_TP_CD","type":"nvarchar","uniqueName":"TXN_STS_TP_CD","label":"TXN_STS_TP_CD","parentObject":"FARAZ_DB","pcType":"UNISTRING","precision":510,"scale":0,"columnIndex":6,"isKey":false,"isWaterMarkKey":false,"isExternalId":false,"isSfIdLookup":false,"isNullable":true,"isUnique":false,"isCreateable":false,"isUpdateable":true,"isFilterable":true,"isCalculated":false,"filterType":"STRING","showLabel":false,"naturalOrder":6,"typeConfigFields":[],"typeConfigProperties":{},"linkedFields":[],"relatedInfos":[],"references":[]},{"@type":"field","id":235357918,"name":"TXN_STS_TP_DSC","type":"nvarchar","uniqueName":"TXN_STS_TP_DSC","label":"TXN_STS_TP_DSC","parentObject":"FARAZ_DB","pcType":"UNISTRING","precision":510,"scale":0,"columnIndex":7,"isKey":false,"isWaterMarkKey":false,"isExternalId":false,"isSfIdLookup":false,"isNullable":true,"isUnique":false,"isCreateable":false,"isUpdateable":true,"isFilterable":true,"isCalculated":false,"filterType":"STRING","showLabel":false,"naturalOrder":7,"typeConfigFields":[],"typeConfigProperties":{},"linkedFields":[],"relatedInfos":[],"references":[]},{"@type":"field","id":235357921,"name":"PRI_AMT","type":"nvarchar","uniqueName":"PRI_AMT","label":"PRI_AMT","parentObject":"FARAZ_DB","pcType":"UNISTRING","precision":510,"scale":0,"columnIndex":8,"isKey":false,"isWaterMarkKey":false,"isExternalId":false,"isSfIdLookup":false,"isNullable":true,"isUnique":false,"isCreateable":false,"isUpdateable":true,"isFilterable":true,"isCalculated":false,"filterType":"STRING","showLabel":false,"naturalOrder":8,"typeConfigFields":[],"typeConfigProperties":{},"linkedFields":[],"relatedInfos":[],"references":[]},{"@type":"field","id":235357924,"name":"PRI_AMT_OFF","type":"nvarchar","uniqueName":"PRI_AMT_OFF","label":"PRI_AMT_OFF","parentObject":"FARAZ_DB","pcType":"UNISTRING","precision":510,"scale":0,"columnIndex":9,"isKey":false,"isWaterMarkKey":false,"isExternalId":false,"isSfIdLookup":false,"isNullable":true,"isUnique":false,"isCreateable":false,"isUpdateable":true,"isFilterable":true,"isCalculated":false,"filterType":"STRING","showLabel":false,"naturalOrder":9,"typeConfigFields":[],"typeConfigProperties":{},"linkedFields":[],"relatedInfos":[],"references":[]},{"@type":"field","id":235357927,"name":"INT_AMT","type":"nvarchar","uniqueName":"INT_AMT","label":"INT_AMT","parentObject":"FARAZ_DB","pcType":"UNISTRING","precision":510,"scale":0,"columnIndex":10,"isKey":false,"isWaterMarkKey":false,"isExternalId":false,"isSfIdLookup":false,"isNullable":true,"isUnique":false,"isCreateable":false,"isUpdateable":true,"isFilterable":true,"isCalculated":false,"filterType":"STRING","showLabel":false,"naturalOrder":10,"typeConfigFields":[],"typeConfigProperties":{},"linkedFields":[],"relatedInfos":[],"references":[]},{"@type":"field","id":235357930,"name":"INT_AMT_OFF","type":"nvarchar","uniqueName":"INT_AMT_OFF","label":"INT_AMT_OFF","parentObject":"FARAZ_DB","pcType":"UNISTRING","precision":510,"scale":0,"columnIndex":11,"isKey":false,"isWaterMarkKey":false,"isExternalId":false,"isSfIdLookup":false,"isNullable":true,"isUnique":false,"isCreateable":false,"isUpdateable":true,"isFilterable":true,"isCalculated":false,"filterType":"STRING","showLabel":false,"naturalOrder":11,"typeConfigFields":[],"typeConfigProperties":{},"linkedFields":[],"relatedInfos":[],"references":[]},{"@type":"field","id":235357933,"name":"OTH_AMT","type":"nvarchar","uniqueName":"OTH_AMT","label":"OTH_AMT","parentObject":"FARAZ_DB","pcType":"UNISTRING","precision":510,"scale":0,"columnIndex":12,"isKey":false,"isWaterMarkKey":false,"isExternalId":false,"isSfIdLookup":false,"isNullable":true,"isUnique":false,"isCreateable":false,"isUpdateable":true,"isFilterable":true,"isCalculated":false,"filterType":"STRING","showLabel":false,"naturalOrder":12,"typeConfigFields":[],"typeConfigProperties":{},"linkedFields":[],"relatedInfos":[],"references":[]},{"@type":"field","id":235357936,"name":"OTH_AMT_OFF","type":"nvarchar","uniqueName":"OTH_AMT_OFF","label":"OTH_AMT_OFF","parentObject":"FARAZ_DB","pcType":"UNISTRING","precision":510,"scale":0,"columnIndex":13,"isKey":false,"isWaterMarkKey":false,"isExternalId":false,"isSfIdLookup":false,"isNullable":true,"isUnique":false,"isCreateable":false,"isUpdateable":true,"isFilterable":true,"isCalculated":false,"filterType":"STRING","showLabel":false,"naturalOrder":13,"typeConfigFields":[],"typeConfigProperties":{},"linkedFields":[],"relatedInfos":[],"references":[]},{"@type":"field","id":235357939,"name":"PRI_AMT_EUR","type":"nvarchar","uniqueName":"PRI_AMT_EUR","label":"PRI_AMT_EUR","parentObject":"FARAZ_DB","pcType":"UNISTRING","precision":510,"scale":0,"columnIndex":14,"isKey":false,"isWaterMarkKey":false,"isExternalId":false,"isSfIdLookup":false,"isNullable":true,"isUnique":false,"isCreateable":false,"isUpdateable":true,"isFilterable":true,"isCalculated":false,"filterType":"STRING","showLabel":false,"naturalOrder":14,"typeConfigFields":[],"typeConfigProperties":{},"linkedFields":[],"relatedInfos":[],"references":[]},{"@type":"field","id":235357942,"name":"PRI_AMT_OFF_EUR","type":"nvarchar","uniqueName":"PRI_AMT_OFF_EUR","label":"PRI_AMT_OFF_EUR","parentObject":"FARAZ_DB","pcType":"UNISTRING","precision":510,"scale":0,"columnIndex":15,"isKey":false,"isWaterMarkKey":false,"isExternalId":false,"isSfIdLookup":false,"isNullable":true,"isUnique":false,"isCreateable":false,"isUpdateable":true,"isFilterable":true,"isCalculated":false,"filterType":"STRING","showLabel":false,"naturalOrder":15,"typeConfigFields":[],"typeConfigProperties":{},"linkedFields":[],"relatedInfos":[],"references":[]},{"@type":"field","id":235357945,"name":"INT_AMT_EUR","type":"nvarchar","uniqueName":"INT_AMT_EUR","label":"INT_AMT_EUR","parentObject":"FARAZ_DB","pcType":"UNISTRING","precision":510,"scale":0,"columnIndex":16,"isKey":false,"isWaterMarkKey":false,"isExternalId":false,"isSfIdLookup":false,"isNullable":true,"isUnique":false,"isCreateable":false,"isUpdateable":true,"isFilterable":true,"isCalculated":false,"filterType":"STRING","showLabel":false,"naturalOrder":16,"typeConfigFields":[],"typeConfigProperties":{},"linkedFields":[],"relatedInfos":[],"references":[]},{"@type":"field","id":235357948,"name":"INT_AMT_OFF_EUR","type":"nvarchar","uniqueName":"INT_AMT_OFF_EUR","label":"INT_AMT_OFF_EUR","parentObject":"FARAZ_DB","pcType":"UNISTRING","precision":510,"scale":0,"columnIndex":17,"isKey":false,"isWaterMarkKey":false,"isExternalId":false,"isSfIdLookup":false,"isNullable":true,"isUnique":false,"isCreateable":false,"isUpdateable":true,"isFilterable":true,"isCalculated":false,"filterType":"STRING","showLabel":false,"naturalOrder":17,"typeConfigFields":[],"typeConfigProperties":{},"linkedFields":[],"relatedInfos":[],"references":[]},{"@type":"field","id":235357951,"name":"OTH_AMT_EUR","type":"nvarchar","uniqueName":"OTH_AMT_EUR","label":"OTH_AMT_EUR","parentObject":"FARAZ_DB","pcType":"UNISTRING","precision":510,"scale":0,"columnIndex":18,"isKey":false,"isWaterMarkKey":false,"isExternalId":false,"isSfIdLookup":false,"isNullable":true,"isUnique":false,"isCreateable":false,"isUpdateable":true,"isFilterable":true,"isCalculated":false,"filterType":"STRING","showLabel":false,"naturalOrder":18,"typeConfigFields":[],"typeConfigProperties":{},"linkedFields":[],"relatedInfos":[],"references":[]},{"@type":"field","id":235357954,"name":"OTH_AMT_OFF_EUR","type":"nvarchar","uniqueName":"OTH_AMT_OFF_EUR","label":"OTH_AMT_OFF_EUR","parentObject":"FARAZ_DB","pcType":"UNISTRING","precision":510,"scale":0,"columnIndex":19,"isKey":false,"isWaterMarkKey":false,"isExternalId":false,"isSfIdLookup":false,"isNullable":true,"isUnique":false,"isCreateable":false,"isUpdateable":true,"isFilterable":true,"isCalculated":false,"filterType":"STRING","showLabel":false,"naturalOrder":19,"typeConfigFields":[],"typeConfigProperties":{},"linkedFields":[],"relatedInfos":[],"references":[]},{"@type":"field","id":235357957,"name":"AUTR_TP_CD","type":"nvarchar","uniqueName":"AUTR_TP_CD","label":"AUTR_TP_CD","parentObject":"FARAZ_DB","pcType":"UNISTRING","precision":510,"scale":0,"columnIndex":20,"isKey":false,"isWaterMarkKey":false,"isExternalId":false,"isSfIdLookup":false,"isNullable":true,"isUnique":false,"isCreateable":false,"isUpdateable":true,"isFilterable":true,"isCalculated":false,"filterType":"STRING","showLabel":false,"naturalOrder":20,"typeConfigFields":[],"typeConfigProperties":{},"linkedFields":[],"relatedInfos":[],"references":[]},{"@type":"field","id":235357960,"name":"AUTR_TP_DSC","type":"nvarchar","uniqueName":"AUTR_TP_DSC","label":"AUTR_TP_DSC","parentObject":"FARAZ_DB","pcType":"UNISTRING","precision":510,"scale":0,"columnIndex":21,"isKey":false,"isWaterMarkKey":false,"isExternalId":false,"isSfIdLookup":false,"isNullable":true,"isUnique":false,"isCreateable":false,"isUpdateable":true,"isFilterable":true,"isCalculated":false,"filterType":"STRING","showLabel":false,"naturalOrder":21,"typeConfigFields":[],"typeConfigProperties":{},"linkedFields":[],"relatedInfos":[],"references":[]},{"@type":"field","id":235357963,"name":"TXN_TP_CD","type":"nvarchar","uniqueName":"TXN_TP_CD","label":"TXN_TP_CD","parentObject":"FARAZ_DB","pcType":"UNISTRING","precision":510,"scale":0,"columnIndex":22,"isKey":false,"isWaterMarkKey":false,"isExternalId":false,"isSfIdLookup":false,"isNullable":true,"isUnique":false,"isCreateable":false,"isUpdateable":true,"isFilterable":true,"isCalculated":false,"filterType":"STRING","showLabel":false,"naturalOrder":22,"typeConfigFields":[],"typeConfigProperties":{},"linkedFields":[],"relatedInfos":[],"references":[]},{"@type":"field","id":235357966,"name":"TXN_TP_DSC","type":"nvarchar","uniqueName":"TXN_TP_DSC","label":"TXN_TP_DSC","parentObject":"FARAZ_DB","pcType":"UNISTRING","precision":510,"scale":0,"columnIndex":23,"isKey":false,"isWaterMarkKey":false,"isExternalId":false,"isSfIdLookup":false,"isNullable":true,"isUnique":false,"isCreateable":false,"isUpdateable":true,"isFilterable":true,"isCalculated":false,"filterType":"STRING","showLabel":false,"naturalOrder":23,"typeConfigFields":[],"typeConfigProperties":{},"linkedFields":[],"relatedInfos":[],"references":[]},{"@type":"field","id":235357969,"name":"LS_DBT_TP_CD","type":"nvarchar","uniqueName":"LS_DBT_TP_CD","label":"LS_DBT_TP_CD","parentObject":"FARAZ_DB","pcType":"UNISTRING","precision":510,"scale":0,"columnIndex":24,"isKey":false,"isWaterMarkKey":false,"isExternalId":false,"isSfIdLookup":false,"isNullable":true,"isUnique":false,"isCreateable":false,"isUpdateable":true,"isFilterable":true,"isCalculated":false,"filterType":"STRING","showLabel":false,"naturalOrder":24,"typeConfigFields":[],"typeConfigProperties":{},"linkedFields":[],"relatedInfos":[],"references":[]},{"@type":"field","id":235357972,"name":"LS_DBT_TP_DSC","type":"nvarchar","uniqueName":"LS_DBT_TP_DSC","label":"LS_DBT_TP_DSC","parentObject":"FARAZ_DB","pcType":"UNISTRING","precision":510,"scale":0,"columnIndex":25,"isKey":false,"isWaterMarkKey":false,"isExternalId":false,"isSfIdLookup":false,"isNullable":true,"isUnique":false,"isCreateable":false,"isUpdateable":true,"isFilterable":true,"isCalculated":false,"filterType":"STRING","showLabel":false,"naturalOrder":25,"typeConfigFields":[],"typeConfigProperties":{},"linkedFields":[],"relatedInfos":[],"references":[]},{"@type":"field","id":235357975,"name":"PA_CD_CD","type":"nvarchar","uniqueName":"PA_CD_CD","label":"PA_CD_CD","parentObject":"FARAZ_DB","pcType":"UNISTRING","precision":510,"scale":0,"columnIndex":26,"isKey":false,"isWaterMarkKey":false,"isExternalId":false,"isSfIdLookup":false,"isNullable":true,"isUnique":false,"isCreateable":false,"isUpdateable":true,"isFilterable":true,"isCalculated":false,"filterType":"STRING","showLabel":false,"naturalOrder":26,"typeConfigFields":[],"typeConfigProperties":{},"linkedFields":[],"relatedInfos":[],"references":[]},{"@type":"field","id":235357978,"name":"PA_CD_DSC","type":"nvarchar","uniqueName":"PA_CD_DSC","label":"PA_CD_DSC","parentObject":"FARAZ_DB","pcType":"UNISTRING","precision":510,"scale":0,"columnIndex":27,"isKey":false,"isWaterMarkKey":false,"isExternalId":false,"isSfIdLookup":false,"isNullable":true,"isUnique":false,"isCreateable":false,"isUpdateable":true,"isFilterable":true,"isCalculated":false,"filterType":"STRING","showLabel":false,"naturalOrder":27,"typeConfigFields":[],"typeConfigProperties":{},"linkedFields":[],"relatedInfos":[],"references":[]},{"@type":"field","id":235357981,"name":"TXN_CCY_CD","type":"nvarchar","uniqueName":"TXN_CCY_CD","label":"TXN_CCY_CD","parentObject":"FARAZ_DB","pcType":"UNISTRING","precision":510,"scale":0,"columnIndex":28,"isKey":false,"isWaterMarkKey":false,"isExternalId":false,"isSfIdLookup":false,"isNullable":true,"isUnique":false,"isCreateable":false,"isUpdateable":true,"isFilterable":true,"isCalculated":false,"filterType":"STRING","showLabel":false,"naturalOrder":28,"typeConfigFields":[],"typeConfigProperties":{},"linkedFields":[],"relatedInfos":[],"references":[]},{"@type":"field","id":235357984,"name":"TXN_CCY_DSC","type":"nvarchar","uniqueName":"TXN_CCY_DSC","label":"TXN_CCY_DSC","parentObject":"FARAZ_DB","pcType":"UNISTRING","precision":510,"scale":0,"columnIndex":29,"isKey":false,"isWaterMarkKey":false,"isExternalId":false,"isSfIdLookup":false,"isNullable":true,"isUnique":false,"isCreateable":false,"isUpdateable":true,"isFilterable":true,"isCalculated":false,"filterType":"STRING","showLabel":false,"naturalOrder":29,"typeConfigFields":[],"typeConfigProperties":{},"linkedFields":[],"relatedInfos":[],"references":[]},{"@type":"field","id":235357987,"name":"SRC_STM_CD","type":"nvarchar","uniqueName":"SRC_STM_CD","label":"SRC_STM_CD","parentObject":"FARAZ_DB","pcType":"UNISTRING","precision":510,"scale":0,"columnIndex":30,"isKey":false,"isWaterMarkKey":false,"isExternalId":false,"isSfIdLookup":false,"isNullable":true,"isUnique":false,"isCreateable":false,"isUpdateable":true,"isFilterable":true,"isCalculated":false,"filterType":"STRING","showLabel":false,"naturalOrder":30,"typeConfigFields":[],"typeConfigProperties":{},"linkedFields":[],"relatedInfos":[],"references":[]},{"@type":"field","id":235357990,"name":"SRC_STM_DSC","type":"nvarchar","uniqueName":"SRC_STM_DSC","label":"SRC_STM_DSC","parentObject":"FARAZ_DB","pcType":"UNISTRING","precision":510,"scale":0,"columnIndex":31,"isKey":false,"isWaterMarkKey":false,"isExternalId":false,"isSfIdLookup":false,"isNullable":true,"isUnique":false,"isCreateable":false,"isUpdateable":true,"isFilterable":true,"isCalculated":false,"filterType":"STRING","showLabel":false,"naturalOrder":31,"typeConfigFields":[],"typeConfigProperties":{},"linkedFields":[],"relatedInfos":[],"references":[]},{"@type":"field","id":235357993,"name":"NEWFIELD","type":"timestamp","uniqueName":"NEWFIELD","label":"NEWFIELD","parentObject":"FARAZ_DB","pcType":"DATE","precision":23,"scale":3,"columnIndex":32,"isKey":false,"isWaterMarkKey":false,"isExternalId":false,"isSfIdLookup":false,"isNullable":true,"isUnique":false,"isCreateable":false,"isUpdateable":true,"isFilterable":true,"isCalculated":false,"filterType":"DATETIME","showLabel":false,"naturalOrder":32,"typeConfigFields":[],"typeConfigProperties":{},"linkedFields":[],"relatedInfos":[],"references":[]},{"@type":"field","id":235357996,"name":"PPN_DT","type":"timestamp","uniqueName":"PPN_DT2","label":"PPN_DT","parentObject":"FARAZ01","pcType":"DATE","precision":23,"scale":3,"columnIndex":0,"isKey":false,"isWaterMarkKey":false,"isExternalId":false,"isSfIdLookup":false,"isNullable":true,"isUnique":false,"isCreateable":false,"isUpdateable":true,"isFilterable":true,"isCalculated":false,"filterType":"DATETIME","showLabel":false,"naturalOrder":0,"typeConfigFields":[],"typeConfigProperties":{},"linkedFields":[],"relatedInfos":[],"references":[]},{"@type":"field","id":235357999,"name":"EMPLOYEE_ID","type":"decimal","uniqueName":"EMPLOYEE_ID","label":"EMPLOYEE_ID","parentObject":"EMPLOYEES","pcType":"HIPRECDECIMAL","precision":6,"scale":0,"columnIndex":0,"isKey":false,"isWaterMarkKey":false,"isExternalId":false,"isSfIdLookup":false,"isNullable":true,"isUnique":false,"isCreateable":false,"isUpdateable":true,"isFilterable":true,"isCalculated":false,"filterType":"DOUBLE","showLabel":false,"naturalOrder":0,"typeConfigFields":[],"typeConfigProperties":{},"linkedFields":[],"relatedInfos":[],"references":[]},{"@type":"field","id":235358002,"name":"FIRST_NAME","type":"varchar","uniqueName":"FIRST_NAME","label":"FIRST_NAME","parentObject":"EMPLOYEES","pcType":"STRING","precision":20,"scale":0,"columnIndex":1,"isKey":false,"isWaterMarkKey":false,"isExternalId":false,"isSfIdLookup":false,"isNullable":true,"isUnique":false,"isCreateable":false,"isUpdateable":true,"isFilterable":true,"isCalculated":false,"filterType":"STRING","showLabel":false,"naturalOrder":1,"typeConfigFields":[],"typeConfigProperties":{},"linkedFields":[],"relatedInfos":[],"references":[]},{"@type":"field","id":235358005,"name":"LAST_NAME","type":"varchar","uniqueName":"LAST_NAME","label":"LAST_NAME","parentObject":"EMPLOYEES","pcType":"STRING","precision":25,"scale":0,"columnIndex":2,"isKey":false,"isWaterMarkKey":false,"isExternalId":false,"isSfIdLookup":false,"isNullable":false,"isUnique":false,"isCreateable":false,"isUpdateable":true,"isFilterable":true,"isCalculated":false,"filterType":"STRING","showLabel":false,"naturalOrder":2,"typeConfigFields":[],"typeConfigProperties":{},"linkedFields":[],"relatedInfos":[],"references":[]},{"@type":"field","id":235358008,"name":"EMAIL","type":"varchar","uniqueName":"EMAIL","label":"EMAIL","parentObject":"EMPLOYEES","pcType":"STRING","precision":25,"scale":0,"columnIndex":3,"isKey":false,"isWaterMarkKey":false,"isExternalId":false,"isSfIdLookup":false,"isNullable":false,"isUnique":true,"isCreateable":false,"isUpdateable":true,"isFilterable":true,"isCalculated":false,"filterType":"STRING","showLabel":false,"naturalOrder":3,"typeConfigFields":[],"typeConfigProperties":{},"linkedFields":[],"relatedInfos":[],"references":[]},{"@type":"field","id":235358011,"name":"PHONE_NUMBER","type":"varchar","uniqueName":"PHONE_NUMBER","label":"PHONE_NUMBER","parentObject":"EMPLOYEES","pcType":"STRING","precision":20,"scale":0,"columnIndex":4,"isKey":false,"isWaterMarkKey":false,"isExternalId":false,"isSfIdLookup":false,"isNullable":true,"isUnique":false,"isCreateable":false,"isUpdateable":true,"isFilterable":true,"isCalculated":false,"filterType":"STRING","showLabel":false,"naturalOrder":4,"typeConfigFields":[],"typeConfigProperties":{},"linkedFields":[],"relatedInfos":[],"references":[]},{"@type":"field","id":235358014,"name":"HIRE_DATE","type":"timestamp","uniqueName":"HIRE_DATE","label":"HIRE_DATE","parentObject":"EMPLOYEES","pcType":"DATE","precision":23,"scale":3,"columnIndex":5,"isKey":false,"isWaterMarkKey":false,"isExternalId":false,"isSfIdLookup":false,"isNullable":false,"isUnique":false,"isCreateable":false,"isUpdateable":true,"isFilterable":true,"isCalculated":false,"filterType":"DATETIME","showLabel":false,"naturalOrder":5,"typeConfigFields":[],"typeConfigProperties":{},"linkedFields":[],"relatedInfos":[],"references":[]},{"@type":"field","id":235358017,"name":"JOB_ID","type":"varchar","uniqueName":"JOB_ID","label":"JOB_ID","parentObject":"EMPLOYEES","pcType":"STRING","precision":10,"scale":0,"columnIndex":6,"isKey":false,"isWaterMarkKey":false,"isExternalId":false,"isSfIdLookup":false,"isNullable":false,"isUnique":false,"isCreateable":false,"isUpdateable":true,"isFilterable":true,"isCalculated":false,"filterType":"STRING","showLabel":false,"naturalOrder":6,"typeConfigFields":[],"typeConfigProperties":{},"linkedFields":[],"relatedInfos":[],"references":[]},{"@type":"field","id":235358020,"name":"SALARY","type":"decimal","uniqueName":"SALARY","label":"SALARY","parentObject":"EMPLOYEES","pcType":"HIPRECDECIMAL","precision":8,"scale":2,"columnIndex":7,"isKey":false,"isWaterMarkKey":false,"isExternalId":false,"isSfIdLookup":false,"isNullable":true,"isUnique":false,"isCreateable":false,"isUpdateable":true,"isFilterable":true,"isCalculated":false,"filterType":"DOUBLE","showLabel":false,"naturalOrder":7,"typeConfigFields":[],"typeConfigProperties":{},"linkedFields":[],"relatedInfos":[],"references":[]},{"@type":"field","id":235358023,"name":"COMMISSION_PCT","type":"decimal","uniqueName":"COMMISSION_PCT","label":"COMMISSION_PCT","parentObject":"EMPLOYEES","pcType":"HIPRECDECIMAL","precision":2,"scale":2,"columnIndex":8,"isKey":false,"isWaterMarkKey":false,"isExternalId":false,"isSfIdLookup":false,"isNullable":true,"isUnique":false,"isCreateable":false,"isUpdateable":true,"isFilterable":true,"isCalculated":false,"filterType":"DOUBLE","showLabel":false,"naturalOrder":8,"typeConfigFields":[],"typeConfigProperties":{},"linkedFields":[],"relatedInfos":[],"references":[]},{"@type":"field","id":235358026,"name":"MANAGER_ID","type":"decimal","uniqueName":"MANAGER_ID","label":"MANAGER_ID","parentObject":"EMPLOYEES","pcType":"HIPRECDECIMAL","precision":6,"scale":0,"columnIndex":9,"isKey":false,"isWaterMarkKey":false,"isExternalId":false,"isSfIdLookup":false,"isNullable":true,"isUnique":false,"isCreateable":false,"isUpdateable":true,"isFilterable":true,"isCalculated":false,"filterType":"DOUBLE","showLabel":false,"naturalOrder":9,"typeConfigFields":[],"typeConfigProperties":{},"linkedFields":[],"relatedInfos":[],"references":[]},{"@type":"field","id":235358029,"name":"DEPARTMENT_ID","type":"decimal","uniqueName":"DEPARTMENT_ID","label":"DEPARTMENT_ID","parentObject":"EMPLOYEES","pcType":"HIPRECDECIMAL","precision":4,"scale":0,"columnIndex":10,"isKey":false,"isWaterMarkKey":false,"isExternalId":false,"isSfIdLookup":false,"isNullable":true,"isUnique":false,"isCreateable":false,"isUpdateable":true,"isFilterable":true,"isCalculated":false,"filterType":"DOUBLE","showLabel":false,"naturalOrder":10,"typeConfigFields":[],"typeConfigProperties":{},"linkedFields":[],"relatedInfos":[],"references":[]}],"sortFields":[],"groupFields":[]}]