[{"@type":"mtTask","id":"@1","name":"mt_raw_omain_topics_conv","description":"","autoExpireObject":false,"runtimeEnvironmentId":"@6IbAO0pOIeXiVMVnBFvesR","maxLogs":10,"verbose":true,"mappingId":"@5ez0dzeQtekhWUrs0IyquL","frsGuid":"3gymB6cuYg1bvfuqXkdWGE","shortDescription":"","sessionPropertiesList":[{"name":"Allow Temporary Sequence for Pushdown","value":"NO","recommended":false},{"name":"Allow Temporary View for Pushdown","value":"NO","recommended":false},{"name":"Pushdown Optimization","value":"None","recommended":false},{"name":"Pushdown Optimization Context","value":"None","recommended":false},{"name":"Run Only In Pushdown Mode","value":"NO","recommended":false}],"hidden":false,"enableCrossSchemaPushdown":true,"enableParallelRun":false,"autoTunedApplied":false,"autoTunedAppliedType":"NONE","paramFileType":"PARAM_FILE_LOCAL","schemaMode":"async","valid":true,"schemaValidationErrorCount":-1,"parameterFileEncoding":"UTF-8","serverlessProperties":{},"taskProperties":[{"@type":"taskProperty","name":"parameterFileDir","currentValue":"","type":"STRING","label":"label.parameterFileDir","required":false},{"@type":"taskProperty","name":"parameterFileName","currentValue":"","type":"STRING","label":"label.parameterFileName","required":false},{"@type":"taskProperty","name":"outboundMessageUrlQueueTime","currentValue":"","type":"NUMBER","label":"label.outboundMessageUrlQueueTime","required":false},{"@type":"taskProperty","name":"outboundMessageUrlToken","currentValue":"","type":"STRING","label":"label.outboundMessageUrlToken","required":false}],"isMidstreamPreview":false,"parameters":[{"@type":"mtTaskParameter","id":576788152,"name":"$src_load_control$","type":"EXTENDED_SOURCE","label":"src_load_control","uiProperties":{"connectionParameterized":"false","isSelectDistinct":"false","isMsrcFilterParameterized":"true","isMsrcSortParameterized":"false","msrcFilterParamDesc":"","objectParameterized":"false","originalPath":"src_load_control"},"sourceConnectionId":"@7dkmDv9mxMKgvMHxeH3kY1","newFlatFile":false,"newObject":false,"showBusinessNames":false,"naturalOrder":true,"truncateTarget":false,"bulkApiDBTarget":false,"customFuncCfg":{"@type":"customFuncConfig","id":-1,"connections":[],"inputMap":[],"outputFields":[]},"targetRefsV2":{},"targetUpdateColumns":[],"extendedObject":{"@type":"extendedObject","object":{"@type":"mObject","name":"CATABASE_PROD/ADMIN/LOAD_CTL","label":"LOAD_CTL","metadataUpdated":false,"relations":[],"children":[]},"singleMode":true,"objects":[{"@type":"mObject","name":"CATABASE_PROD/ADMIN/LOAD_CTL","label":"LOAD_CTL","metadataUpdated":false,"relations":[],"children":[]}],"filters":[{"@type":"filter","objectName":"CATABASE_PROD/ADMIN/LOAD_CTL","field":"DRIVER_TABLE_NAME","type":"STRING","operator":"equals","value":"topics"},{"@type":"filter","objectName":"CATABASE_PROD/ADMIN/LOAD_CTL","field":"TARGET_TABLE_NAME","type":"STRING","operator":"equals","value":"raw.omain_topics"}],"sortFields":[]},"runtimeAttrs":{},"isRESTModernSource":true,"isFileList":false,"handleSpecialChars":false,"handleDecimalRoundOff":false,"frsAsset":false,"dynamicFileName":false,"excludeDynamicFileNameField":false,"currentlyProcessedFileName":false,"retainFieldMetadata":false,"useExactSrcNames":false,"userUpdated":true,"fetchMode":"ORIGINAL","tgtObjectAttributes":{},"runtimeParameterData":{"@type":"mtTaskRuntimeParameterData","isConnectionRuntimeParameter":false,"isObjectRuntimeParameter":false},"overridableProperties":[],"overriddenFields":[]},{"@type":"mtTaskParameter","id":576788155,"name":"$src_mysql_table$","type":"EXTENDED_SOURCE","label":"MySQL Connection (p_conn_mysql)","description":"Specify MySQL Connection","uiProperties":{"cnxtype":"MySQL","connectionParameterized":"true","paramName":"p_conn_mysql","paramLabel":"MySQL Connection","paramType-mapping":"Connection","logcnx":"p_conn_mysql","isSelectDistinct":"false","isMsrcFilterParameterized":"false","isMsrcSortParameterized":"false","objlabel":"MySQL Source Table","origobjlabel":"MySQL Source Table","objectParameterized":"true","objDesc":"Specify MySQL Source Table","objectParamName":"p_src_mysql_table","objectParamType-mapping":"DataObject","originalPath":"src_mysql_table"},"sourceConnectionId":"@38DVmV5r8oXlBqIca6o0s1","newFlatFile":false,"newObject":false,"showBusinessNames":true,"naturalOrder":true,"truncateTarget":false,"bulkApiDBTarget":false,"customFuncCfg":{"@type":"customFuncConfig","id":-1,"connections":[],"inputMap":[],"outputFields":[]},"targetRefsV2":{},"targetUpdateColumns":[],"extendedObject":{"@type":"extendedObject","object":{"@type":"mObject","name":"topics","label":"topics","metadataUpdated":false,"relations":[],"children":[]},"advancedFilterExpression":"updated_at > '$$max_cdc_dttm'","singleMode":true,"objects":[{"@type":"mObject","name":"topics","label":"topics","metadataUpdated":false,"relations":[],"children":[]}],"filters":[],"sortFields":[]},"runtimeAttrs":{},"isRESTModernSource":true,"isFileList":false,"handleSpecialChars":false,"handleDecimalRoundOff":false,"frsAsset":false,"dynamicFileName":false,"excludeDynamicFileNameField":false,"currentlyProcessedFileName":false,"retainFieldMetadata":false,"useExactSrcNames":false,"userUpdated":true,"fetchMode":"ORIGINAL","tgtObjectAttributes":{},"runtimeParameterData":{"@type":"mtTaskRuntimeParameterData","isConnectionRuntimeParameter":false,"isObjectRuntimeParameter":false,"connectionParameterName":"p_conn_mysql","objectParameterName":"p_src_mysql_table"},"overridableProperties":[{"@type":"overridableProperty","id":"defaultPrecision","labelKey":"src_mysql_table_defaultPrecision","type":"integer","hidden":false,"required":false,"defaultValue":"","renderingHints":{}},{"@type":"overridableProperty","id":"defaultScale","labelKey":"src_mysql_table_defaultScale","type":"integer","hidden":false,"required":false,"defaultValue":"","renderingHints":{}},{"@type":"overridableProperty","id":"defaultNativeDataType","labelKey":"src_mysql_table_defaultNativeDataType","type":"string","hidden":false,"required":false,"defaultValue":"","renderingHints":{}}],"overriddenFields":[]},{"@type":"mtTaskParameter","id":576788158,"name":"$tgt_load_ctl$","type":"TARGET","label":"tgt_load_ctl","uiProperties":{"connectionParameterized":"false","objectParameterized":"false","visible":"false","defaultTargetUpdateColumns":"","supportApplyDDLChanges":"false","originalPath":"tgt_load_ctl"},"targetConnectionId":"@7dkmDv9mxMKgvMHxeH3kY1","targetObject":"CATABASE_PROD/ADMIN/DUMMY","targetObjectLabel":"DUMMY","newFlatFile":false,"newObject":false,"showBusinessNames":false,"naturalOrder":true,"truncateTarget":false,"bulkApiDBTarget":false,"operationType":"Insert","customFuncCfg":{"@type":"customFuncConfig","id":-1,"connections":[],"inputMap":[],"outputFields":[]},"targetRefsV2":{},"targetUpdateColumns":[],"extendedObject":{"@type":"extendedObject","singleMode":true,"filters":[],"sortFields":[]},"runtimeAttrs":{},"isRESTModernSource":true,"isFileList":false,"handleSpecialChars":false,"handleDecimalRoundOff":false,"frsAsset":false,"dynamicFileName":false,"excludeDynamicFileNameField":false,"currentlyProcessedFileName":false,"retainFieldMetadata":false,"objectName":"CATABASE_PROD/ADMIN/DUMMY","objectLabel":"DUMMY","useExactSrcNames":false,"userUpdated":true,"fetchMode":"ORIGINAL","tgtObjectAttributes":{},"runtimeParameterData":{"@type":"mtTaskRuntimeParameterData","isConnectionRuntimeParameter":false,"isObjectRuntimeParameter":false},"overridableProperties":[],"overriddenFields":[]},{"@type":"mtTaskParameter","id":576788161,"name":"$tgt_raw_interim_ingestion$","type":"TARGET","label":"tgt_raw_interim_ingestion","uiProperties":{"connectionParameterized":"false","objlabel":"Interim Table","origobjlabel":"Interim Table","objectParameterized":"true","objDesc":"","objectParamName":"p_interim_table","objectParamType-mapping":"DataObject","defaultTargetUpdateColumns":"","fieldMappingParameterized":"true","supportApplyDDLChanges":"false","originalPath":"tgt_raw_interim_ingestion"},"targetConnectionId":"@7dkmDv9mxMKgvMHxeH3kY1","targetObject":"CATABASE_PROD/RAW/OMAIN_TOPICS_INTERIM","targetObjectLabel":"OMAIN_TOPICS_INTERIM","newFlatFile":false,"newObject":false,"showBusinessNames":true,"naturalOrder":true,"truncateTarget":false,"bulkApiDBTarget":false,"operationType":"Insert","customFuncCfg":{"@type":"customFuncConfig","id":-1,"connections":[],"inputMap":[],"outputFields":[]},"targetRefsV2":{},"targetUpdateColumns":[],"extendedObject":{"@type":"extendedObject","singleMode":true,"filters":[],"sortFields":[]},"runtimeAttrs":{},"isRESTModernSource":true,"isFileList":false,"handleSpecialChars":false,"handleDecimalRoundOff":false,"frsAsset":false,"dynamicFileName":false,"excludeDynamicFileNameField":false,"currentlyProcessedFileName":false,"retainFieldMetadata":false,"objectName":"CATABASE_PROD/RAW/OMAIN_TOPICS_INTERIM","objectLabel":"OMAIN_TOPICS_INTERIM","useExactSrcNames":false,"userUpdated":true,"fetchMode":"ORIGINAL","tgtObjectAttributes":{},"runtimeParameterData":{"@type":"mtTaskRuntimeParameterData","isConnectionRuntimeParameter":false,"isObjectRuntimeParameter":false,"objectParameterName":"p_interim_table"},"overridableProperties":[],"overriddenFields":[{"@type":"mtTaskOverriddenField","id":197092429,"name":"SEARCHTERMS","type":"varchar","precision":255,"scale":0,"platformType":"string"},{"@type":"mtTaskOverriddenField","id":197092432,"name":"ERRATA","type":"varchar","precision":255,"scale":0,"platformType":"string"},{"@type":"mtTaskOverriddenField","id":197092435,"name":"KEYCONCEPTS","type":"varchar","precision":255,"scale":0,"platformType":"string"},{"@type":"mtTaskOverriddenField","id":197092438,"name":"NAME","type":"varchar","precision":255,"scale":0,"platformType":"string"},{"@type":"mtTaskOverriddenField","id":197092441,"name":"NICKNAME","type":"varchar","precision":255,"scale":0,"platformType":"string"},{"@type":"mtTaskOverriddenField","id":197092444,"name":"SLUG","type":"varchar","precision":255,"scale":0,"platformType":"string"},{"@type":"mtTaskOverriddenField","id":197092447,"name":"FREE_VIDEO_ID","type":"varchar","precision":255,"scale":0,"platformType":"string"},{"@type":"mtTaskOverriddenField","id":197092450,"name":"PREMIUM_VIDEO_ID","type":"varchar","precision":255,"scale":0,"platformType":"string"},{"@type":"mtTaskOverriddenField","id":197092453,"name":"DURATION","type":"varchar","precision":255,"scale":0,"platformType":"string"},{"@type":"mtTaskOverriddenField","id":197092456,"name":"DESCRIPTION","type":"varchar","precision":255,"scale":0,"platformType":"string"}]},{"@type":"mtTaskParameter","id":576788164,"name":"$fp_tgt_interim$","type":"STRING","text":"decimal (38, 0) PRIORITY=priority;date/time (29, 9) CREATED_AT=updated_at;decimal (38, 0) SORT=sort;decimal (38, 0) ID=id;string (255, 0) SEARCHTERMS=searchterms;string (255, 0) ERRATA=errata;string (255, 0) KEYCONCEPTS=keyconcepts;date/time (29, 9) UPDATED_AT=:UDF.cdt_to_utc(updated_at);decimal (38, 0) CATEGORY_ID=category_id;decimal (38, 0) SUBCATEGORY_ID=subcategory_id;string (255, 0) NAME=name;string (255, 0) NICKNAME=nickname;string (255, 0) SLUG=slug;nstring (7, 0) IS_ACTIVE_WEBSITE=is_active_website;nstring (7, 0) IS_ACTIVE_FLASHBACK=is_active_flashback;nstring (7, 0) FREE=free;date/time (29, 9) DELETED_AT=hard_coded_updated_at_utc;string (255, 0) FREE_VIDEO_ID=free_video_id;string (255, 0) PREMIUM_VIDEO_ID=premium_video_id;string (255, 0) DURATION=duration;decimal (38, 0) YIELD=yield;nstring (7, 0) IS_PACE=is_pace;string (255, 0) DESCRIPTION=description;","label":"fp_tgt_interim","description":"","uiProperties":{"paramName":"fp_tgt_interim","paramLabel":"","paramType-mapping":"FieldMapping","paramtype":"Fieldmap","supressFieldmappingSuffix":"true","lefttitle":"Incoming Fields","righttitle":"Target Fields","isPwxMultiGroupFieldMapping":"false","objlabel":"Target Field Group:","originalPath":"tgt_raw_interim_ingestion"},"newFlatFile":false,"newObject":false,"showBusinessNames":true,"naturalOrder":true,"truncateTarget":false,"bulkApiDBTarget":false,"customFuncCfg":{"@type":"customFuncConfig","id":-1,"connections":[],"inputMap":[],"outputFields":[]},"targetRefsV2":{},"targetUpdateColumns":[],"runtimeAttrs":{},"isRESTModernSource":true,"isFileList":false,"handleSpecialChars":false,"handleDecimalRoundOff":false,"frsAsset":false,"dynamicFileName":false,"excludeDynamicFileNameField":false,"currentlyProcessedFileName":false,"retainFieldMetadata":false,"useExactSrcNames":false,"userUpdated":true,"fetchMode":"ORIGINAL","tgtObjectAttributes":{},"runtimeParameterData":{"@type":"mtTaskRuntimeParameterData","isConnectionRuntimeParameter":false,"isObjectRuntimeParameter":false},"overridableProperties":[],"overriddenFields":[]},{"@type":"mtTaskParameter","id":576788167,"name":"$p_date_columns$","type":"STRING","text":"date/time(29,9) hard_coded_updated_at_utc#=IIF(updated_at >= TO_DATE( TO_CHAR(GET_DATE_PART(updated_at,'YYYY')) || '03' || LPAD(TO_CHAR(14 - mod((1+FLOOR(GET_DATE_PART(updated_at,'YYYY')*5/4)),7)), 2, '0') || '02' || '00' || '00', 'YYYYMMDDHH24MISS') AND updated_at <= TO_DATE( TO_CHAR(GET_DATE_PART(updated_at,'YYYY')) || '11' || LPAD(TO_CHAR(7 - MOD((1+FLOOR(GET_DATE_PART(updated_at,'YYYY')*5/4)),7)), 2, '0') || '02' || '00' || '00', 'YYYYMMDDHH24MISS'), ADD_TO_DATE (updated_at,'hh',-5), ADD_TO_DATE (updated_at,'hh',-6));date/time(29,9) udf_updated_at_utc#=:UDF.cdt_to_utc(updated_at);","label":"Date Columns (p_date_columns)","description":"Specify all date columns from OME Main","uiProperties":{"paramName":"p_date_columns","paramLabel":"Date Columns","paramType-mapping":"ExpressionFields","paramtype":"ExpressionEditor","caption":"Expressions","required":"false","templateData":"$p_date_columns$","default":"$p_date_columns$","window":"false","originalPath":"exp_cdt_to_utc"},"newFlatFile":false,"newObject":false,"showBusinessNames":true,"naturalOrder":true,"truncateTarget":false,"bulkApiDBTarget":false,"customFuncCfg":{"@type":"customFuncConfig","id":-1,"connections":[],"inputMap":[],"outputFields":[]},"targetRefsV2":{},"targetUpdateColumns":[],"runtimeAttrs":{},"isRESTModernSource":true,"isFileList":false,"handleSpecialChars":false,"handleDecimalRoundOff":false,"frsAsset":false,"dynamicFileName":false,"excludeDynamicFileNameField":false,"currentlyProcessedFileName":false,"retainFieldMetadata":false,"useExactSrcNames":false,"userUpdated":true,"fetchMode":"ORIGINAL","tgtObjectAttributes":{},"runtimeParameterData":{"@type":"mtTaskRuntimeParameterData","isConnectionRuntimeParameter":false,"isObjectRuntimeParameter":false},"overridableProperties":[],"overriddenFields":[]}],"sequences":[],"inOutParameters":[{"@type":"mtTaskInOutParameter","id":"-1","name":"max_cdc_dttm","description":"","initialValue":"","datatype":"DATETIME","precision":"29","scale":"9","retentionPolicy":"ON_SUCCESS","aggregationType":"MAX","currentValue":"02/26/2022 00:00:56.000000000"}],"connRuntimeAttrs":[]}]