[{"@type":"mappingTemplate","id":"@1","name":"task2","description":"","autoExpireObject":false,"bundleVersion":"0","assetFrsGuid":"3D128XmI8FhjQySy6NTlUo","templateId":"@3","deployTime":1688572822000,"hasParameters":false,"valid":true,"fixedConnection":true,"hasParametersDeployed":false,"fixedConnectionDeployed":true,"isSchemaValidationEnabled":false,"tasks":1,"mappingPreviewFileRecordId":"@2","documentType":"MAPPING","references":[{"@type":"reference","refObjectId":"@9hR52xvjM1UfK3dn2owi47","refType":"connection"},{"@type":"reference","refObjectId":"@ja4eKqn3pszdf8TyvxgiGK","refType":"connection"},{"@type":"reference","refObjectId":"@4YSJLqRa7dklJR8pai1UoC","refType":"connection"}]}]