[{"@type":"mappingTemplate","id":"@1","name":"M_LRJ4","description":"","autoExpireObject":false,"bundleVersion":"0","assetFrsGuid":"9oKUlPSLZoLbg9Bsc5DHaO","templateId":"@3","deployTime":1674486743000,"hasParameters":false,"valid":true,"fixedConnection":true,"hasParametersDeployed":false,"fixedConnectionDeployed":true,"isSchemaValidationEnabled":false,"tasks":1,"mappingPreviewFileRecordId":"@2","documentType":"MAPPING","references":[{"@type":"reference","refObjectId":"@4YSJLqRa7dklJR8pai1UoC","refType":"connection"}]}]