[{"@type":"mappingTemplate","id":"@1","name":"Mapping83","description":"","autoExpireObject":false,"bundleVersion":"0","assetFrsGuid":"bAvwgNVw9WecB8gHl4qy2g","templateId":"@3","deployTime":1684333492000,"hasParameters":false,"valid":true,"fixedConnection":true,"hasParametersDeployed":false,"fixedConnectionDeployed":true,"isSchemaValidationEnabled":false,"tasks":0,"mappingPreviewFileRecordId":"@2","documentType":"MAPPING","references":[{"@type":"reference","refObjectId":"@hMjhLbxboKtg1LNGTgyR4k","refType":"connection"},{"@type":"reference","refObjectId":"@4YSJLqRa7dklJR8pai1UoC","refType":"connection"}]}]