[{"@type":"mappingTemplate","id":"@1","name":"m_julian","description":"","autoExpireObject":false,"bundleVersion":"0","assetFrsGuid":"2jeWzAsThC9ki9ApLUsHsm","templateId":"@3","deployTime":1713268828000,"hasParameters":false,"valid":true,"fixedConnection":true,"hasParametersDeployed":false,"fixedConnectionDeployed":true,"isSchemaValidationEnabled":false,"tasks":1,"mappingPreviewFileRecordId":"@2","documentType":"MAPPING","references":[{"@type":"reference","refObjectId":"@jyr4MrLqV8CkHzV0esoG2A","refType":"connection"},{"@type":"reference","refObjectId":"@4YSJLqRa7dklJR8pai1UoC","refType":"connection"}]}]