[{"@type":"mappingTemplate","id":"@1","name":"Mapping130","description":"","autoExpireObject":false,"bundleVersion":"0","assetFrsGuid":"5ARXjfhhk6Fi7CkqpThna3","templateId":"@2","hasParameters":false,"valid":false,"fixedConnection":true,"hasParametersDeployed":false,"fixedConnectionDeployed":false,"isSchemaValidationEnabled":false,"tasks":0,"documentType":"MAPPING","references":[{"@type":"reference","refObjectId":"@8TvTmEqpKW2guvoupzLB8S","refType":"connection"},{"@type":"reference","refObjectId":"@jyr4MrLqV8CkHzV0esoG2A","refType":"connection"}]}]