[{"@type":"mappingTemplate","id":"@1","name":"m_insert_sf_pp","description":"","autoExpireObject":false,"bundleVersion":"0","assetFrsGuid":"9e0QmJ7RMYMeu9QEdvUAaW","templateId":"@3","deployTime":1676979523000,"hasParameters":false,"valid":true,"fixedConnection":true,"hasParametersDeployed":false,"fixedConnectionDeployed":true,"isSchemaValidationEnabled":false,"tasks":1,"mappingPreviewFileRecordId":"@2","documentType":"MAPPING","references":[{"@type":"reference","refObjectId":"@5rhmGv2LqH6ivJlsrpGr0p","refType":"connection"},{"@type":"reference","refObjectId":"@4YSJLqRa7dklJR8pai1UoC","refType":"connection"}]}]