[{"@type":"mappingTemplate","id":"@1","name":"Mapping125","description":"","autoExpireObject":false,"bundleVersion":"0","assetFrsGuid":"7ZJvk7CqaMpg0bT5p80l60","templateId":"@3","deployTime":1713267200000,"hasParameters":false,"valid":true,"fixedConnection":true,"hasParametersDeployed":false,"fixedConnectionDeployed":true,"isSchemaValidationEnabled":false,"tasks":1,"mappingPreviewFileRecordId":"@2","documentType":"MAPPING","references":[{"@type":"reference","refObjectId":"@jyr4MrLqV8CkHzV0esoG2A","refType":"connection"},{"@type":"reference","refObjectId":"@4YSJLqRa7dklJR8pai1UoC","refType":"connection"}]}]