[{"@type":"mappingTemplate","id":"@1","name":"Mapping124","description":"","autoExpireObject":false,"bundleVersion":"0","assetFrsGuid":"5Ld7LyKOFUjjQyVmZuwTgK","templateId":"@3","deployTime":1713265191000,"hasParameters":false,"valid":true,"fixedConnection":true,"hasParametersDeployed":false,"fixedConnectionDeployed":true,"isSchemaValidationEnabled":false,"tasks":0,"mappingPreviewFileRecordId":"@2","documentType":"MAPPING","references":[{"@type":"reference","refObjectId":"@aOGnBuWnHRkhtiqlqYSTu6","refType":"connection"},{"@type":"reference","refObjectId":"@4YSJLqRa7dklJR8pai1UoC","refType":"connection"}]}]