[{"@type":"mappingTemplate","id":"@1","name":"M_SALESFORCE_SS_ISSUE_PP","description":"","autoExpireObject":false,"bundleVersion":"0","assetFrsGuid":"3NPpFOEAne7bs9CeBcZQWw","templateId":"@3","deployTime":1676981335000,"hasParameters":false,"valid":true,"fixedConnection":true,"hasParametersDeployed":false,"fixedConnectionDeployed":true,"isSchemaValidationEnabled":false,"tasks":1,"mappingPreviewFileRecordId":"@2","documentType":"MAPPING","references":[{"@type":"reference","refObjectId":"@5rhmGv2LqH6ivJlsrpGr0p","refType":"connection"},{"@type":"reference","refObjectId":"@c6FNaT44oY3jz5oaXGxryv","refType":"connection"}]}]