[{"@type":"mappingTemplate","id":"@1","name":"Mapping93","description":"","autoExpireObject":false,"bundleVersion":"0","assetFrsGuid":"dvpATgfBUQIhJsDpW79j47","templateId":"@3","deployTime":1685982552000,"hasParameters":true,"valid":true,"fixedConnection":true,"hasParametersDeployed":true,"fixedConnectionDeployed":true,"isSchemaValidationEnabled":false,"tasks":1,"mappingPreviewFileRecordId":"@2","documentType":"MAPPING","references":[{"@type":"reference","refObjectId":"@3dkT0f3gm5TejJZSCPCF2K","refType":"connection"},{"@type":"reference","refObjectId":"@4YSJLqRa7dklJR8pai1UoC","refType":"connection"}]}]