[{"@type":"mappingTemplate","id":"@1","name":"Mapping71","description":"","autoExpireObject":false,"bundleVersion":"0","assetFrsGuid":"6ZN6dlMcCsdcC36kiLteka","templateId":"@3","hasParameters":false,"valid":false,"fixedConnection":true,"hasParametersDeployed":false,"fixedConnectionDeployed":false,"isSchemaValidationEnabled":false,"tasks":0,"mappingPreviewFileRecordId":"@2","documentType":"MAPPING","references":[{"@type":"reference","refObjectId":"@in2Eb1vZKqbi4PGDrCecEJ","refType":"connection"}]}]