[{"@type":"mappingTemplate","id":"@1","name":"task1","description":"","autoExpireObject":false,"bundleVersion":"0","assetFrsGuid":"5oKkFAZGPyWfIZIajrRCir","templateId":"@3","deployTime":1688564179000,"hasParameters":false,"valid":true,"fixedConnection":true,"hasParametersDeployed":false,"fixedConnectionDeployed":true,"isSchemaValidationEnabled":false,"tasks":3,"mappingPreviewFileRecordId":"@2","documentType":"MAPPING","references":[{"@type":"reference","refObjectId":"@9hR52xvjM1UfK3dn2owi47","refType":"connection"},{"@type":"reference","refObjectId":"@ja4eKqn3pszdf8TyvxgiGK","refType":"connection"}]}]