[{"@type":"mappingTemplate","id":"@1","name":"Mapping78","description":"","autoExpireObject":false,"bundleVersion":"0","assetFrsGuid":"2vCHxNObLgjeE08bx8iuIj","templateId":"@3","deployTime":1682072945000,"hasParameters":false,"valid":true,"fixedConnection":true,"hasParametersDeployed":false,"fixedConnectionDeployed":true,"isSchemaValidationEnabled":false,"tasks":0,"mappingPreviewFileRecordId":"@2","documentType":"MAPPING","references":[{"@type":"reference","refObjectId":"@e5wsfngBJg9hcgUUdoszWu","refType":"connection"},{"@type":"reference","refObjectId":"@4YSJLqRa7dklJR8pai1UoC","refType":"connection"}]}]