[{"@type":"mappingTemplate","id":"@1","name":"m_04489401","description":"","autoExpireObject":false,"bundleVersion":"0","assetFrsGuid":"5khkvpn73oRelh5TKEehEH","templateId":"@3","deployTime":1684764751000,"hasParameters":false,"valid":true,"fixedConnection":true,"hasParametersDeployed":false,"fixedConnectionDeployed":true,"isSchemaValidationEnabled":false,"tasks":0,"mappingPreviewFileRecordId":"@2","documentType":"MAPPING","references":[{"@type":"reference","refObjectId":"@61qTMuc1T4gi2DPGFpEagS","refType":"connection"},{"@type":"reference","refObjectId":"@4YSJLqRa7dklJR8pai1UoC","refType":"connection"},{"@type":"reference","refObjectId":"@jyr4MrLqV8CkHzV0esoG2A","refType":"connection"}]}]