[{"@type":"mappingTemplate","id":"@1","name":"Mapping106","description":"","autoExpireObject":false,"bundleVersion":"0","assetFrsGuid":"2YIUBgN7W76b7fbE4EJqMb","templateId":"@3","deployTime":1690195564000,"hasParameters":false,"valid":true,"fixedConnection":true,"hasParametersDeployed":false,"fixedConnectionDeployed":true,"isSchemaValidationEnabled":false,"tasks":0,"mappingPreviewFileRecordId":"@2","documentType":"MAPPING","references":[{"@type":"reference","refObjectId":"@ja4eKqn3pszdf8TyvxgiGK","refType":"connection"},{"@type":"reference","refObjectId":"@jyr4MrLqV8CkHzV0esoG2A","refType":"connection"}]}]