[{"@type":"mappingTemplate","id":"@1","name":"Mapping94-Advanced","description":"","autoExpireObject":false,"bundleVersion":"0","assetFrsGuid":"3Ul40sxahO8lCC16Q8IPGV","templateId":"@3","deployTime":1686581235000,"hasParameters":false,"valid":true,"fixedConnection":true,"hasParametersDeployed":false,"fixedConnectionDeployed":true,"isSchemaValidationEnabled":false,"tasks":0,"mappingPreviewFileRecordId":"@2","documentType":"AT_SCALE_MAPPING","references":[{"@type":"reference","refObjectId":"@82BamydprL2eWvthEKx8y7","refType":"connection"},{"@type":"reference","refObjectId":"@ja4eKqn3pszdf8TyvxgiGK","refType":"connection"}]}]