[{"@type":"mappingTemplate","id":"@1","name":"m_Oracle_Oracle_AdvancedMapping-Advanced","description":"","autoExpireObject":false,"bundleVersion":"0","assetFrsGuid":"gwyEElxWUIHjlNtnjgWIu5","templateId":"@3","deployTime":1678717556000,"hasParameters":false,"valid":true,"fixedConnection":true,"hasParametersDeployed":false,"fixedConnectionDeployed":true,"isSchemaValidationEnabled":false,"tasks":0,"mappingPreviewFileRecordId":"@2","documentType":"AT_SCALE_MAPPING","references":[{"@type":"reference","refObjectId":"@4gUDvpkKUUnimiwJr8s9q1","refType":"connection"}]}]