[{"@type":"mappingTemplate","id":"@1","name":"task3","description":"","autoExpireObject":false,"bundleVersion":"0","assetFrsGuid":"2K8vJa1ciO5enZXEjfeSuu","templateId":"@3","deployTime":1688470287000,"hasParameters":false,"valid":true,"fixedConnection":true,"hasParametersDeployed":false,"fixedConnectionDeployed":true,"isSchemaValidationEnabled":false,"tasks":1,"mappingPreviewFileRecordId":"@2","documentType":"MAPPING","references":[{"@type":"reference","refObjectId":"@9hR52xvjM1UfK3dn2owi47","refType":"connection"},{"@type":"reference","refObjectId":"@ja4eKqn3pszdf8TyvxgiGK","refType":"connection"}]}]