[{"@type":"mappingTemplate","id":"@1","name":"Mapping104","description":"","autoExpireObject":false,"bundleVersion":"0","assetFrsGuid":"lX5hmx7K7a6e9wcgjMSJ0c","templateId":"@3","deployTime":1689929328000,"hasParameters":false,"valid":true,"fixedConnection":true,"hasParametersDeployed":false,"fixedConnectionDeployed":true,"isSchemaValidationEnabled":false,"tasks":1,"mappingPreviewFileRecordId":"@2","documentType":"MAPPING","references":[{"@type":"reference","refObjectId":"@jyr4MrLqV8CkHzV0esoG2A","refType":"connection"}]}]