[{"@type":"mappingTemplate","id":"@1","name":"Mapping94","description":"","autoExpireObject":false,"bundleVersion":"0","assetFrsGuid":"905iAu79sv1ddsxuDDYMib","templateId":"@3","deployTime":1686580802000,"hasParameters":false,"valid":true,"fixedConnection":true,"hasParametersDeployed":false,"fixedConnectionDeployed":true,"isSchemaValidationEnabled":false,"tasks":1,"mappingPreviewFileRecordId":"@2","documentType":"MAPPING","references":[{"@type":"reference","refObjectId":"@82BamydprL2eWvthEKx8y7","refType":"connection"},{"@type":"reference","refObjectId":"@ja4eKqn3pszdf8TyvxgiGK","refType":"connection"}]}]