[{"@type":"mappingTemplate","id":"@1","name":"M_LRJ3","description":"","autoExpireObject":false,"bundleVersion":"0","assetFrsGuid":"70A91e019s0etYn9vQQGIC","templateId":"@3","deployTime":1674486712000,"hasParameters":false,"valid":true,"fixedConnection":true,"hasParametersDeployed":false,"fixedConnectionDeployed":true,"isSchemaValidationEnabled":false,"tasks":1,"mappingPreviewFileRecordId":"@2","documentType":"MAPPING","references":[{"@type":"reference","refObjectId":"@4YSJLqRa7dklJR8pai1UoC","refType":"connection"}]}]