[{"@type":"mappingTemplate","id":"@1","name":"Mapping87","description":"","autoExpireObject":false,"bundleVersion":"0","assetFrsGuid":"8oELH7NHetrdaD1YPKd9Oy","templateId":"@3","deployTime":1685109258000,"hasParameters":false,"valid":true,"fixedConnection":true,"hasParametersDeployed":false,"fixedConnectionDeployed":true,"isSchemaValidationEnabled":false,"tasks":1,"mappingPreviewFileRecordId":"@2","documentType":"MAPPING","references":[{"@type":"reference","refObjectId":"@4YSJLqRa7dklJR8pai1UoC","refType":"connection"},{"@type":"reference","refObjectId":"@3dkT0f3gm5TejJZSCPCF2K","refType":"connection"}]}]