[{"@type":"mappingTemplate","id":"@1","name":"synapse_faulty_target","description":"","autoExpireObject":false,"bundleVersion":"0","assetFrsGuid":"ie8cS0z8zCqlqIDnFxcisx","templateId":"@3","deployTime":1661190433000,"hasParameters":false,"valid":true,"fixedConnection":true,"hasParametersDeployed":false,"fixedConnectionDeployed":true,"isSchemaValidationEnabled":false,"tasks":0,"mappingPreviewFileRecordId":"@2","documentType":"MAPPING","references":[{"@type":"reference","refObjectId":"@6V4rVAygDAJgLNiOfIlUOE","refType":"connection"},{"@type":"reference","refObjectId":"@gPhPUiILQqWf6r1mAP57Yh","refType":"connection"}]}]