[{"@type":"mappingTemplate","id":"@1","name":"Mapping95","description":"","autoExpireObject":false,"bundleVersion":"0","assetFrsGuid":"dyTgURoVakal25rOCMVoGv","templateId":"@3","deployTime":1686581685000,"hasParameters":false,"valid":true,"fixedConnection":true,"hasParametersDeployed":false,"fixedConnectionDeployed":true,"isSchemaValidationEnabled":false,"tasks":0,"mappingPreviewFileRecordId":"@2","documentType":"MAPPING","references":[{"@type":"reference","refObjectId":"@82BamydprL2eWvthEKx8y7","refType":"connection"},{"@type":"reference","refObjectId":"@ja4eKqn3pszdf8TyvxgiGK","refType":"connection"}]}]