[{"@type":"mappingTemplate","id":"@1","name":"Mapping86","description":"","autoExpireObject":false,"bundleVersion":"0","assetFrsGuid":"1r7ixfNDhEYcKEgCo65EWL","templateId":"@3","deployTime":1684946832000,"hasParameters":false,"valid":true,"fixedConnection":true,"hasParametersDeployed":false,"fixedConnectionDeployed":true,"isSchemaValidationEnabled":false,"tasks":0,"mappingPreviewFileRecordId":"@2","documentType":"MAPPING","references":[{"@type":"reference","refObjectId":"@jyr4MrLqV8CkHzV0esoG2A","refType":"connection"},{"@type":"reference","refObjectId":"@4YSJLqRa7dklJR8pai1UoC","refType":"connection"}]}]