[{"@type":"mappingTemplate","id":"@1","name":"Mapping103","description":"","autoExpireObject":false,"bundleVersion":"0","assetFrsGuid":"dWBwO8rpjYHhDAHInCsTwg","templateId":"@3","deployTime":1689844831000,"hasParameters":false,"valid":true,"fixedConnection":true,"hasParametersDeployed":false,"fixedConnectionDeployed":true,"isSchemaValidationEnabled":false,"tasks":0,"mappingPreviewFileRecordId":"@2","documentType":"MAPPING","references":[{"@type":"reference","refObjectId":"@bwWaPIj2vCrcciKmyEgmq0","refType":"connection"},{"@type":"reference","refObjectId":"@jyr4MrLqV8CkHzV0esoG2A","refType":"connection"}]}]