[{"@type":"mappingTemplate","id":"@1","name":"Mapping70","description":"","autoExpireObject":false,"bundleVersion":"0","assetFrsGuid":"2ROIMK0HzupgsSMROERmoH","templateId":"@3","hasParameters":false,"valid":false,"fixedConnection":true,"hasParametersDeployed":false,"fixedConnectionDeployed":false,"isSchemaValidationEnabled":false,"tasks":0,"mappingPreviewFileRecordId":"@2","documentType":"MAPPING","references":[{"@type":"reference","refObjectId":"@lctJ0gzud2beqKcfCxOrQw","refType":"connection"}]}]