[{"@type":"mappingTemplate","id":"@1","name":"task4","description":"","autoExpireObject":false,"bundleVersion":"0","assetFrsGuid":"gzwvkIxJkKheSvIHSiXNqL","templateId":"@3","deployTime":1688488417000,"hasParameters":false,"valid":true,"fixedConnection":true,"hasParametersDeployed":false,"fixedConnectionDeployed":true,"isSchemaValidationEnabled":false,"tasks":0,"mappingPreviewFileRecordId":"@2","documentType":"MAPPING","references":[{"@type":"reference","refObjectId":"@3qApmKDBYX7kEAXEBkHkgH","refType":"connection"},{"@type":"reference","refObjectId":"@ja4eKqn3pszdf8TyvxgiGK","refType":"connection"}]}]