[{"@type":"mappingTemplate","id":"@1","name":"sharepoint","description":"","autoExpireObject":false,"bundleVersion":"0","assetFrsGuid":"fVOpwQyLDCMdvi0hMsCaSH","templateId":"@3","deployTime":1721290655000,"hasParameters":true,"valid":true,"fixedConnection":true,"hasParametersDeployed":true,"fixedConnectionDeployed":true,"isSchemaValidationEnabled":false,"tasks":1,"mappingPreviewFileRecordId":"@2","documentType":"MAPPING","references":[{"@type":"reference","refObjectId":"@8TvTmEqpKW2guvoupzLB8S","refType":"connection"}]}]