[{"@type":"mappingTemplate","id":"@1","name":"M_LRJ2","description":"","autoExpireObject":false,"bundleVersion":"0","assetFrsGuid":"lSWQsIkwBuZgnGqDG9eyKo","templateId":"@3","deployTime":1674486688000,"hasParameters":false,"valid":true,"fixedConnection":true,"hasParametersDeployed":false,"fixedConnectionDeployed":true,"isSchemaValidationEnabled":false,"tasks":3,"mappingPreviewFileRecordId":"@2","documentType":"MAPPING","references":[{"@type":"reference","refObjectId":"@4YSJLqRa7dklJR8pai1UoC","refType":"connection"}]}]